name,city,temperature,timestamp
Larry Reese,North Linda,27.51,2025-08-04T19:53:28.866376
Michele Wilson,Sanchezside,6.16,2025-08-04T19:54:28.956442
Jacqueline Roberts,North Roberttown,14.12,2025-08-04T19:55:28.964625
Mercedes Johnson,Boydbury,20.71,2025-08-04T19:56:29.025949
Stephanie Jensen,South Hannahmouth,19.37,2025-08-04T19:57:29.085039
John Becker,East Johnview,19.27,2025-08-04T19:58:29.147035
Ronald Brown,New Arthur,8.59,2025-08-04T19:59:29.189806
Lisa Salazar,Elizabethview,15.11,2025-08-04T20:00:29.207976
Tammy Anderson,Brendafort,3.39,2025-08-04T20:01:29.254186
Natalie Mitchell,North David,38.28,2025-08-04T20:02:29.298468
Kelly Hartman,Carolynville,6.55,2025-08-04T20:03:29.330499
Corey Montgomery,New Heatherfort,6.24,2025-08-04T20:04:29.390264
Jeffrey Carroll,Robertsfort,24.13,2025-08-04T20:05:29.458320
Mr. Brandon Meza MD,West Vanessa,19.94,2025-08-04T20:06:29.472404
Amber Osborn,West Mariaborough,-1.41,2025-08-04T20:07:29.528749
Gary Wilson,New Robertmouth,-1.29,2025-08-04T20:08:29.594885
Benjamin Merritt,Port David,3.56,2025-08-04T20:09:29.621814
Jerry Rodriguez,Alexandrafort,33.54,2025-08-04T20:10:29.654480
Joseph Frazier,North Micheleville,-8.43,2025-08-04T20:11:29.689754
Nathan Delacruz,Laurieview,-9.23,2025-08-04T20:12:29.712516
Sandra Bennett,Port Theodore,-1.93,2025-08-04T20:13:29.765931
Jeffery Camacho,Dianastad,31.46,2025-08-04T20:14:29.810740
Carl Rodriguez,East John,5.88,2025-08-04T20:15:29.872514
Jamie Hunt,West Carrieberg,14.97,2025-08-04T20:16:29.907274
Steven Bryant,West Sheryl,9.82,2025-08-04T20:17:29.964275
Diana Ray,West Katelyn,-7.65,2025-08-04T20:18:30.029436
Christopher Romero,North Hannahview,4.43,2025-08-04T20:19:30.088900
Tiffany Marquez,Kaylaland,1.43,2025-08-04T20:20:30.152064
Paul Cannon,Bowenview,29.65,2025-08-04T20:21:30.194123
Tamara Beck,West Greg,13.81,2025-08-04T20:22:30.254763
Tara Stephens,South Heatherborough,28.6,2025-08-04T20:23:30.313144
Mr. James Medina,Johnnystad,19.77,2025-08-04T20:24:30.346794
Robert Jones,New Laura,25.28,2025-08-04T20:25:30.405955
Kelly Webb,South Julie,9.69,2025-08-04T20:26:30.436323
Adriana Fox,North John,37.56,2025-08-04T20:27:30.493555
Ashley Woods,West Caroline,10.68,2025-08-04T20:28:30.551300
Gregory Morgan,North Nathanfort,20.88,2025-08-04T20:29:30.595261
Joseph Miller,Millermouth,33.21,2025-08-04T20:30:30.647571
William Richards,Hughesville,37.35,2025-08-04T20:31:30.691130
Christian Rogers,North Heather,37.56,2025-08-04T20:32:30.752626
Daniel Fowler,New Jillian,28.99,2025-08-04T20:33:30.812739
Michael Morales,Chavezton,-4.76,2025-08-04T20:34:30.860983
Michael Nelson,New Sarah,4.9,2025-08-04T20:35:30.917119
Joseph Sharp,Clarkhaven,-1.91,2025-08-04T20:36:30.942289
Alexandria Nelson,Adkinschester,-4.58,2025-08-04T20:37:30.993525
Sarah White,Stevenshire,32.81,2025-08-04T20:38:31.096687
Douglas Jackson,East Cynthia,2.91,2025-08-04T20:39:31.141897
Steve Jackson,South Amyshire,26.44,2025-08-04T20:40:31.175868
Jennifer Moody,Leeview,4.8,2025-08-04T20:41:31.229019
Kyle Klein,North Cynthia,20.25,2025-08-04T20:42:05.019834
Jean Harrison,Jonstad,11.14,2025-08-04T20:42:32.045906
Juan Price,South Ericshire,35.54,2025-08-04T20:43:32.084087
Joshua Lowe,Barkerland,14.67,2025-08-04T20:44:32.127460
Joshua Lewis,South Stephanieview,1.34,2025-08-04T20:45:32.191870
Kimberly Meyer,Elizabethtown,8.3,2025-08-04T20:46:32.342476
Sean Bates,Welchview,38.4,2025-08-04T20:47:32.401825
Mr. John Galloway II,Lake Mariefurt,9.49,2025-08-04T20:48:32.448216
Anthony Garcia,Port Jeremy,33.21,2025-08-04T20:49:32.494741
Benjamin Orr,Port Jenniferton,24.87,2025-08-04T20:50:32.559243
Alyssa Johnson,Lake Morganchester,24.81,2025-08-04T20:51:32.596914
Richard Kim,Ryanburgh,25.35,2025-08-04T20:52:32.650989
Jacob Lewis,Patrickborough,12.36,2025-08-04T20:53:32.691983
Troy Russell,West Kelly,-4.69,2025-08-04T20:54:32.733108
Robert Brown,Port Ebonytown,-5.2,2025-08-04T20:55:32.743797
Taylor Davis,Richardsonmouth,26.32,2025-08-04T20:56:32.804210
Michelle Kelly,Lake Paulaside,6.57,2025-08-04T20:57:32.862793
Hector Gordon,Whiteburgh,29.3,2025-08-04T20:58:32.921883
Justin Young,New Anthony,28.5,2025-08-04T20:59:32.981117
Joshua Grimes,Mcmillantown,17.89,2025-08-04T21:00:33.052465
Brianna Taylor,Port Evelynton,2.48,2025-08-04T21:01:33.113280
Michelle Lee,Port Sheryl,26.61,2025-08-04T21:02:33.158217
Kayla Bowman,Rachelbury,15.29,2025-08-04T21:03:33.219841
Russell Williams,Marshallstad,1.58,2025-08-04T21:04:33.281453
Sarah Henry,East Arthur,2.58,2025-08-04T21:05:33.338599
Noah Brown,Lake Bradley,16.57,2025-08-04T21:06:33.393481
Charles Francis,New Alishaland,27.11,2025-08-04T21:07:33.477732
David Miller,New Brandy,8.77,2025-08-04T21:08:33.534161
Erin Johnson,Victoriastad,23.96,2025-08-04T21:09:33.580702
Makayla Villanueva,New Alexander,34.46,2025-08-04T21:10:33.195171
Julia Kennedy,Lake Brenda,-9.53,2025-08-04T21:11:33.255437
Kendra Golden,Zunigahaven,21.9,2025-08-04T21:12:33.327912
Laurie Murray,Randallmouth,-2.2,2025-08-04T21:13:33.378303
Misty Thompson,Jenniferfort,27.3,2025-08-04T21:14:33.442462
Erica Williams,New Joan,4.6,2025-08-04T21:15:33.503414
Kim Dunn,South Kennethmouth,-6.98,2025-08-04T21:16:33.548669
Andrew Hall,Kimberlyview,39.98,2025-08-04T21:17:33.603986
John Pacheco,South Elizabethmouth,14.19,2025-08-04T21:18:33.668523
Julie Miller,West Leah,13.8,2025-08-04T21:19:33.746708
Michael Scott,New Jeremychester,27.6,2025-08-04T21:19:37.507287
Mr. Caleb Williams,Jamesside,7.0,2025-08-04T21:20:37.564335
Michelle Maxwell,Sawyerport,27.67,2025-08-04T21:21:37.624250
Brian Sullivan,Richardtown,5.7,2025-08-04T21:22:09.212637
James Lamb,North Edwardmouth,-4.8,2025-08-04T21:23:09.276783
Randy Morrow,Lake Rachelborough,16.6,2025-08-04T21:24:09.334016
Andrew Harding,New Joseph,-3.57,2025-08-04T21:30:48.546189
John Nielsen,Jamesbury,10.28,2025-08-04T21:31:48.609397
John Schaefer,Amychester,-5.85,2025-08-04T21:40:57.282993
John Larson,Brayberg,31.26,2025-08-04T21:41:57.370158
Nicolas Vargas,New Kimburgh,16.42,2025-08-04T21:42:57.429343
Jamie Carpenter,Benjaminfort,-3.86,2025-08-04T21:43:57.470400
Adam Welch,Jonesfort,37.54,2025-08-04T21:44:57.531850
Timothy Horton,Brianmouth,6.52,2025-08-04T21:45:57.595616
Jill Lopez,Williamsview,-3.91,2025-08-04T21:46:33.022369
Reginald Swanson,North Willieberg,-6.29,2025-08-04T21:47:33.057847
Laura Ellis,North Debra,11.85,2025-08-04T21:48:33.118889
Robert Johns,South Jeffrey,37.5,2025-08-04T21:49:33.174963
Lisa Summers,South Jamestown,21.7,2025-08-04T21:50:33.230997
Victor Brooks,Browntown,-1.2,2025-08-04T21:51:33.284076
Bruce Harris,Rollinsberg,32.46,2025-08-04T21:52:33.344408
Melissa Vasquez,Osborneland,12.28,2025-08-04T21:53:33.403892
Rose Espinoza,Laurenborough,6.75,2025-08-04T21:54:33.460790
Kayla Carr,Tuckerland,3.42,2025-08-04T21:55:33.522243
John Rogers,New Elizabeth,-9.43,2025-08-04T21:56:33.547784
Kathleen Kramer,North Jessicabury,26.7,2025-08-04T21:57:33.582934
Kathleen Duncan,New Karen,3.28,2025-08-04T21:58:33.635199
Heather Williams,Guzmanfurt,-5.8,2025-08-04T21:59:33.682699
Shelly Lowe,Lake Amyfurt,15.47,2025-08-04T22:00:33.743142
Christina Sanders,Darleneside,0.71,2025-08-04T22:01:33.788241
Shawn Ellis,Rothborough,5.58,2025-08-04T22:02:33.845029
Jorge Thomas,Darlenechester,34.98,2025-08-04T22:03:33.903631
Michele Smith,Carterstad,25.28,2025-08-04T22:04:33.968923
Kevin Gonzales,Lake Matthew,0.6,2025-08-04T22:05:34.023192
Sherri Green,Terriborough,22.32,2025-08-04T22:06:34.083958
Deborah Yates,East Sierrastad,7.47,2025-08-04T22:07:34.147858
Robert Landry,Smithberg,2.74,2025-08-04T22:07:38.304979
John Sims,Bartonstad,-4.36,2025-08-04T22:08:38.375748
Jessica White,West Amyfort,37.69,2025-08-04T22:09:38.461308
Sara Cortez,North Traceymouth,35.66,2025-08-04T22:10:38.538042
Steven Anderson,Pearsonville,25.53,2025-08-04T22:11:38.577635
Sarah Davis,West William,-4.16,2025-08-04T22:12:38.640762
Timothy Schmidt,East Ronaldstad,32.59,2025-08-04T22:13:38.677679
Chase Baker,West Richard,17.87,2025-08-04T22:14:38.734960
Jennifer Ibarra,Lake Sheilamouth,1.86,2025-08-04T22:15:38.798794
Rebecca Travis,Lamport,32.21,2025-08-04T22:16:38.835498
David Wallace,South Robin,4.2,2025-08-04T22:17:38.893557
Kim Gray,North Charlesborough,14.69,2025-08-04T22:21:01.792449
Andrea Thompson,Beckyfort,27.86,2025-08-04T22:22:01.856848
Jeff Butler,Heatherside,3.81,2025-08-04T22:23:01.965482
Curtis Davidson IV,Harringtonside,19.19,2025-08-04T22:24:02.024011
Kenneth Gonzales,Websterbury,-4.63,2025-08-04T22:25:02.061116
William Martin,Port Leebury,-4.1,2025-08-04T22:26:02.102569
Paul Brown,East Diane,36.0,2025-08-04T22:27:02.149472
Jennifer Walker,Rhodesstad,18.71,2025-08-04T22:28:02.155335
Rhonda Miller,Lake Crystalton,4.7,2025-08-04T22:29:02.217223
Joseph Jones,New Jennifer,29.88,2025-08-04T22:30:02.248302
Thomas Martinez,East Rachel,-4.84,2025-08-04T22:31:02.288427
Natalie Maddox,Michaelport,-2.9,2025-08-04T22:32:02.326517
Julie Jones,Kevinfurt,34.1,2025-08-04T22:33:02.359925
Joshua Miller,Lawrencetown,32.13,2025-08-04T22:34:02.446683
Bridget James,Albertborough,23.66,2025-08-04T22:35:02.509450
Brenda Smith,Gibsonborough,36.27,2025-08-04T22:36:02.563964
Andre Bonilla,Lake Donna,35.42,2025-08-04T22:38:32.814333
Kelly Walker,Jamesview,-5.23,2025-08-04T22:39:32.887351
Carrie Cruz,Deborahside,-5.93,2025-08-04T22:40:32.931712
Lauren Archer,Lake Danny,14.16,2025-08-04T22:41:32.995989
Joe Goodman,Romanmouth,-8.95,2025-08-04T22:42:33.052428
Kelli Williams,Jonesburgh,18.73,2025-08-04T22:43:33.098225
Michelle White PhD,North Elizabethborough,-2.6,2025-08-04T22:44:33.159500
Shannon Graves,West Eric,6.39,2025-08-04T22:45:33.216144
Mark Byrd,Lake Edward,38.32,2025-08-04T22:46:33.264682
Shawn Chang,Port Rodneyland,10.2,2025-08-04T22:47:33.317141
Jacqueline Webb,South Tinamouth,15.74,2025-08-04T22:48:33.375779
Jessica Dominguez,Jameschester,12.84,2025-08-04T22:49:34.738443
Jeffrey Sanchez,Walkerport,15.7,2025-08-04T22:50:34.834283
Mrs. Maria Haynes,Zacharyshire,25.16,2025-08-04T22:51:34.928736
Benjamin Lewis,Oliverville,-3.44,2025-08-04T22:52:34.955653
Nicholas Martinez,Brianshire,15.74,2025-08-04T22:53:34.993356
Thomas Johnson,Ambertown,7.4,2025-08-04T22:54:35.027449
Cynthia Jacobs PhD,East Nicholaschester,10.32,2025-08-04T22:55:35.099759
Jonathan Cline,Jamesmouth,30.87,2025-08-04T22:56:35.147238
Alexander Jordan,New James,10.12,2025-08-04T22:57:35.208265
Keith Rodriguez,South Joseph,0.82,2025-08-04T22:58:35.265554
Savannah Moore,Lake Kathleenland,32.4,2025-08-04T22:59:35.321860
Dr. Ivan Hansen,Port Joelborough,18.77,2025-08-04T23:00:35.384994
Melissa Howard,New Tinachester,-5.73,2025-08-04T23:01:35.442356
Shane Wells,New Katieville,-2.74,2025-08-04T23:02:35.505238
Jorge Alvarez,Amychester,-2.75,2025-08-04T23:03:35.542304
Anthony Guzman,West Michellemouth,37.99,2025-08-04T23:04:35.600870
Jonathan Walton,South Michaelbury,3.3,2025-08-04T23:05:35.659876
Jonathan Sanchez,Lake Michaelville,17.91,2025-08-04T23:06:35.720554
John Smith,East Bonniebury,-5.38,2025-08-04T23:07:35.759516
Elizabeth Morales,Brianburgh,20.33,2025-08-04T23:08:35.821729
Craig Anderson,Mooreville,5.92,2025-08-04T23:09:35.872387
Erika Schultz,Dawsonshire,8.66,2025-08-04T23:10:35.929653
Matthew Weaver,East Adam,-4.28,2025-08-04T23:11:35.990948
Cassandra Davis,Ashleytown,23.9,2025-08-04T23:12:36.026876
April Gilbert,West Leah,13.92,2025-08-04T23:13:36.087637
Robert Deleon,East Roberthaven,-8.1,2025-08-04T23:14:54.058242
Michael Burns,Williamsfort,27.77,2025-08-04T23:15:54.143026
Sarah Skinner,Allisonstad,21.39,2025-08-04T23:16:54.210016
James Williams,Elizabethchester,22.6,2025-08-04T23:17:54.232046
Jennifer Potts,East Makaylahaven,3.6,2025-08-04T23:18:54.299558
Eric Wilson,Port Cassandra,-9.84,2025-08-04T23:19:54.360012
Robert Walker,South Saratown,1.23,2025-08-04T23:20:54.408919
Janet Mack,Mollytown,24.17,2025-08-04T23:21:54.450539
Charles Wilson,West Douglasside,34.25,2025-08-04T23:22:54.506899
Jordan Thomas,West Kristenfurt,28.67,2025-08-04T23:23:54.557428
Ryan Delacruz,South Chasefurt,-3.17,2025-08-04T23:24:54.593841
Ryan Barnett,South Riley,16.76,2025-08-04T23:25:54.640080
Lisa Mcmahon,Lewisberg,2.66,2025-08-04T23:26:54.700522
Charles Gallegos,Kelleyville,27.95,2025-08-04T23:27:54.726235
Dwayne Manning,Lake Mark,0.4,2025-08-04T23:28:54.783240
Natalie Williamson,Stanleychester,15.96,2025-08-04T23:29:54.844790
Joseph Ware,Lake Chadfort,-9.92,2025-08-04T23:30:54.896679
Ashley Dougherty,Alexandrafurt,-7.47,2025-08-04T23:31:54.961936
Melissa Dixon,West Josephburgh,0.57,2025-08-04T23:33:12.694627
Edward Fisher,Hannahhaven,13.0,2025-08-04T23:34:12.807647
Shannon Collins,New Samuel,5.36,2025-08-04T23:35:12.910022
Brandon Norris,Lake Christinehaven,33.51,2025-08-04T23:36:12.975728
Nathan Bridges,Jeffreyhaven,2.7,2025-08-04T23:37:13.036800
Mercedes Williams,West Adrianshire,15.77,2025-08-04T23:38:13.100537
Brooke Stout,East Kevinhaven,30.33,2025-08-04T23:39:13.210625
Lindsay Edwards,Port David,-6.71,2025-08-04T23:40:13.266629
Jason Lang,Lake Brad,31.2,2025-08-04T23:41:13.329156
Timothy Humphrey,Jenniferfurt,19.91,2025-08-04T23:42:13.381690
Christopher Gonzalez,New Brianview,-4.2,2025-08-04T23:43:13.446617
Mrs. Lisa Carter,Allenport,32.88,2025-08-04T23:44:13.511053
Juan Harvey,Michaelbury,-6.81,2025-08-04T23:45:13.564270
Suzanne Garcia,South Sonyaside,-3.9,2025-08-04T23:46:13.645705
Peggy Bond,Christinaburgh,-5.23,2025-08-04T23:47:13.671679
Richard Thompson,Lake Douglas,29.91,2025-08-04T23:48:13.738292
Tonya Bernard,West Markbury,3.57,2025-08-04T23:49:13.793576
Jeffery Hamilton,Duncanstad,31.54,2025-08-04T23:50:13.841120
Paul Brady,South Williamhaven,2.64,2025-08-04T23:51:13.889002
Robert Fuller,South Michaelburgh,-1.76,2025-08-04T23:52:13.947831
Austin Fuentes,Port Jacob,16.39,2025-08-04T23:53:13.992833
Ashlee Wells,Moorefurt,4.18,2025-08-04T23:54:14.042303
Lisa Fisher,Myersburgh,15.71,2025-08-04T23:55:36.100499
Gerald Bryant,Norriston,34.4,2025-08-04T23:56:36.187405
Julie Vaughn,Lake Ruth,11.94,2025-08-04T23:57:36.267876
Samantha Jensen,Boydfort,8.48,2025-08-04T23:58:36.337642
Micheal Velasquez,Lake Robertfurt,19.72,2025-08-04T23:59:36.396064
Barbara Smith,Port Jason,7.52,2025-08-05T00:00:36.456799
Karen Ortiz,Andersonchester,37.45,2025-08-05T00:01:36.505749
Jasmine Lutz,Thomasmouth,14.86,2025-08-05T00:02:36.566945
Todd Davis,Sherriview,7.88,2025-08-05T00:03:36.629391
Melinda Garner,West Leah,2.37,2025-08-05T00:04:36.691373
Adam Pineda,South Adam,29.49,2025-08-05T00:05:36.765833
Mr. David Thomas DVM,Lake Nicolasberg,20.34,2025-08-05T00:06:36.825254
Jeremy Norton,Hickmanville,16.81,2025-08-05T00:07:36.891543
Nicole Oneal,North Mary,-4.59,2025-08-05T00:08:36.921588
Anthony Peters,West Lynn,38.46,2025-08-05T00:09:52.056337
Daniel Smith,Bushmouth,39.88,2025-08-05T00:10:52.143691
Carrie Newman,New Sherry,30.27,2025-08-05T00:11:52.220662
Monica Rios,Kelleyhaven,-1.6,2025-08-05T00:12:52.288219
Christine Taylor,New Kara,-7.3,2025-08-05T00:13:52.341848
Amanda Gutierrez,West Ashleyshire,-9.42,2025-08-05T00:14:52.424554
Connie Jones,New Michael,38.61,2025-08-05T00:15:52.486654
Jesse Bradley,West Rachelview,-9.67,2025-08-05T00:16:52.540476
Jeremy Sweeney,Kristenville,21.77,2025-08-05T00:17:52.600697
Phillip Gates,Riveramouth,28.13,2025-08-05T00:18:52.634469
Samantha Clark,South Jeff,24.89,2025-08-05T00:19:52.693631
Elizabeth Fox,Nicoleland,4.24,2025-08-05T00:20:52.751681
Jason Flynn,Robinsonbury,24.26,2025-08-05T00:21:52.865879
Ryan Miller,Brookeberg,-1.5,2025-08-05T00:22:52.932039
Joshua Kennedy,North Gregory,-9.3,2025-08-05T00:23:52.996217
Johnny Thompson,North Christinabury,-3.24,2025-08-05T00:24:53.056847
Steve Taylor,Aguilartown,0.97,2025-08-05T00:25:53.116444
Michael Curtis,East Katherinechester,31.41,2025-08-05T00:26:53.182001
Richard George,Tammyview,-3.1,2025-08-05T00:27:53.242249
Alexander Moore,Brendahaven,6.63,2025-08-05T00:28:53.293452
Emily Morales,South Randy,15.23,2025-08-05T00:29:53.348401
Timothy Walsh,Ashleyburgh,12.47,2025-08-05T00:30:53.409485
Robert Durham,South Jacob,-9.36,2025-08-05T00:31:53.467601
Michael Stephens,Shawnchester,-9.98,2025-08-05T00:32:53.516698
Alicia Todd,Robertborough,21.39,2025-08-05T00:33:53.569300
Megan Johnston,Lisastad,13.55,2025-08-05T00:34:53.628692
Eric Garcia,Michellestad,3.98,2025-08-05T00:35:53.677740
Philip Hodges,South Carloshaven,5.89,2025-08-05T00:36:53.735822
Dominique Downs,South Austintown,17.67,2025-08-05T00:37:53.796025
Gabriela Griffin DDS,Jenniferburgh,5.71,2025-08-05T20:01:12.032890
Deborah Barnett,East Michelle,0.86,2025-08-05T20:02:12.145054
Bethany Wright,Muellerhaven,24.2,2025-08-05T20:03:12.206289
Natalie Eaton,East Sarahberg,37.79,2025-08-05T20:04:12.266332
Lisa Daniels,Catherinefort,20.73,2025-08-05T20:05:12.336986
David Moody,New Davidstad,28.2,2025-08-05T20:06:12.397972
Suzanne Dyer,Mooreside,21.0,2025-08-05T20:07:12.458920
Barry Williams,Kennethside,-4.76,2025-08-05T20:08:12.508615
Miss Ashley Johnson,Angelamouth,38.7,2025-08-05T20:09:12.569655
Derek Perkins,East Amymouth,28.69,2025-08-05T20:10:12.645813
Sarah Parker,Melissaberg,22.52,2025-08-05T20:11:12.691562
Mary Lee,Lake Susanview,28.78,2025-08-05T20:12:12.745344
Jeremy Miller,New Dawnside,27.45,2025-08-05T20:13:12.804801
Jose Jimenez,Susanburgh,10.29,2025-08-05T20:14:12.859327
Dana Farley,Lake Marvinberg,11.94,2025-08-05T20:15:12.906148
Barbara Rivas,New Bryan,28.65,2025-08-05T20:16:12.964655
Ashley Moran,South Ronaldside,-2.92,2025-08-05T20:17:13.008201
Rebecca Hughes,West Michael,7.63,2025-08-05T20:18:13.068891
Randy Johnson,Lake Dawnton,33.89,2025-08-05T20:19:13.112750
Dr. James Howard,Cruzberg,35.12,2025-08-05T20:20:13.182340
Dr. Jason Jones DDS,Jenniferton,-2.58,2025-08-05T20:21:13.223526
Melanie Cortez,Port Ericaview,-8.58,2025-08-05T20:22:13.280567
Andrew Saunders,East Williamland,26.6,2025-08-05T20:23:13.344561
Cameron Fuller,East Robert,21.25,2025-08-05T20:24:13.407582
Patricia West DDS,Lake Jeremyshire,-2.2,2025-08-05T20:25:13.469598
Holly Ayers,Christopherton,1.63,2025-08-05T20:26:13.521037
Francisco Jones DDS,West Eric,-1.8,2025-08-05T20:27:13.580103
Jennifer Duran,West Karenbury,32.92,2025-08-05T20:28:13.645490
Brandon Wilson,Lindaberg,-6.39,2025-08-05T20:29:13.710963
Steven Garrett,Howellview,-6.63,2025-08-05T20:30:13.767728
David Shaffer,Hillville,28.95,2025-08-05T20:31:13.823152
Stephen Edwards,West Carolmouth,7.38,2025-08-05T20:32:13.883968
Candace Barker,East April,34.73,2025-08-05T20:33:13.942691
Jessica Chavez,Josephchester,15.14,2025-08-05T20:34:14.001681
Ashley Jones,Jamestown,19.52,2025-08-05T20:35:14.067518
Keith Malone,Newtonchester,29.25,2025-08-05T20:36:14.141965
Todd Sullivan,Harristown,-7.32,2025-08-05T20:37:14.202002
Miranda James,Port Jasonchester,21.25,2025-08-05T20:38:14.262934
Daniel Mccullough,Stewartport,22.15,2025-08-05T20:39:14.333901
Elizabeth Wong,Fostershire,3.99,2025-08-05T20:40:14.391340
Heidi Barnett,Sawyerton,16.26,2025-08-05T20:41:14.462608
Nicole King,Vincentville,0.48,2025-08-05T20:42:14.522390
Michelle Rodgers,West Cassidy,38.28,2025-08-05T20:43:14.579298
Jessica Phillips,Port Richard,-3.59,2025-08-05T20:44:14.639538
Steven Mays,Steventown,28.2,2025-08-05T20:45:14.705656
Debbie Webster,Alanstad,0.99,2025-08-05T20:46:14.766593
Robert Christensen,Williamshaven,39.5,2025-08-05T20:47:14.809289
William Sweeney,Port Joel,16.49,2025-08-05T20:48:14.895474
Ricky Jones,Bakerfurt,18.67,2025-08-05T20:49:14.965046
Andrew Lee,North Barbarafurt,34.6,2025-08-05T20:50:15.022908
Matthew Smith,Dianamouth,35.49,2025-08-05T20:51:15.080400
Thomas Boyer,Nelsonport,30.4,2025-08-05T20:52:15.140678
Kelly Stokes,South Stephanie,9.76,2025-08-05T20:53:15.209359
Jessica Powell,Brianaborough,-5.12,2025-08-05T20:54:15.257050
Kevin Best,West Jacquelineport,0.43,2025-08-05T20:55:15.305366
Heather Roberts,East Anneview,31.69,2025-08-05T20:56:15.367497
Sarah Mccullough,West Alyssaborough,-4.3,2025-08-05T20:57:15.430255
Richard Martin,Stephenshire,32.16,2025-08-05T20:58:15.489695
Leslie Green,Port Tiffany,21.97,2025-08-05T20:59:15.550802
Tricia Walton,Lake Joshuabury,31.69,2025-08-05T21:00:15.609389
Michelle Sims,South Alex,12.29,2025-08-05T21:01:15.671928
Renee Terrell,Brendamouth,-6.68,2025-08-05T21:02:15.732179
Julie Smith,New Jasminemouth,39.9,2025-08-05T21:03:15.796466
Jonathan Hall,West Brittanyberg,-9.3,2025-08-05T21:04:15.854935
Deborah Brown,Sanfordchester,-1.6,2025-08-05T21:05:15.919557
Natalie Rivera,Nicholasfurt,22.56,2025-08-05T21:06:15.967978
Lisa Hernandez,South Rebeccatown,9.33,2025-08-05T21:07:16.026076
Patricia Johnson,West Dianaview,24.48,2025-08-05T21:08:16.087208
Travis Leonard,New Jamie,-9.25,2025-08-05T21:09:16.136136
Michael Leblanc,New Coreyshire,-4.1,2025-08-05T21:10:16.196003
April Jones,Jerrytown,27.24,2025-08-05T21:11:16.243277
Kenneth Gordon,East Daniel,28.26,2025-08-05T21:12:16.304116
Dylan Pratt,East Tanner,24.31,2025-08-05T21:13:16.350359
Mrs. Victoria Lawson,Lake Brittanytown,23.2,2025-08-05T21:14:16.414468
Jennifer Morris,Taylorport,4.17,2025-08-05T21:15:16.472005
Stanley Scott,South Paulshire,16.7,2025-08-05T21:16:16.536209
William Johnson,New Joshuaberg,36.73,2025-08-05T21:17:16.595200
Katherine Wang,South David,-2.33,2025-08-05T21:18:16.653758
Randy Davis,East Jenniferbury,-9.12,2025-08-05T21:19:16.696639
Jesse Richardson,Vargasmouth,-1.2,2025-08-05T21:20:16.754881
Courtney Luna,Ramosside,38.98,2025-08-05T21:21:16.833332
Miss Barbara Ballard,Lake James,14.99,2025-08-05T21:22:16.894423
Dylan Andersen,West Thomas,17.98,2025-08-05T21:23:16.958047
Cody Allen,Lake Albertville,12.56,2025-08-05T21:24:17.020273
Arthur Barr,Choiborough,17.2,2025-08-05T21:25:17.077151
Andrew Jackson,Hopkinsmouth,-9.29,2025-08-05T21:26:17.120891
Christina Smith,New Allen,36.29,2025-08-05T21:27:17.182552
Mark Gutierrez,Kendraville,20.1,2025-08-05T21:28:17.270886
Timothy Booker,Michaelton,10.16,2025-08-05T21:29:17.326098
Kelly Schaefer,Curtiston,14.28,2025-08-05T21:30:17.382399
Brad Marquez,Hooverbury,37.99,2025-08-05T21:31:17.439444
Kristen Franklin MD,Brianshire,13.54,2025-08-05T21:32:17.494936
Ernest Sharp,East Jessica,4.27,2025-08-05T21:33:17.534922
Jamie Garza,Port Zacharyhaven,18.42,2025-08-05T21:34:17.589511
Jason Williams,South Desiree,27.73,2025-08-05T21:35:17.651945
Shannon Bailey,Port Shaneside,9.47,2025-08-05T21:36:17.712966
Dale Boyd,Carlymouth,25.35,2025-08-05T21:37:17.770804
Melissa Bray,Wisemouth,0.0,2025-08-05T21:38:17.835699
Jesus Cortez,Warrenland,5.6,2025-08-05T21:39:17.891397
Debbie Taylor,Danielshire,4.83,2025-08-05T21:40:17.942058
Judith Norris,Port Michele,27.55,2025-08-05T21:41:18.003879
Randy Bryan,West Olivia,9.9,2025-08-05T21:42:18.062688
David Franco,East Chelsea,32.92,2025-08-05T21:43:18.120771
Kaylee Jones,South Briannashire,1.47,2025-08-05T21:44:18.175164
Stephen May,New Timothyfurt,5.24,2025-08-05T21:45:18.230009
Paul Williams,Wrightton,17.63,2025-08-05T21:46:18.295650
Tracy Callahan,Morrisonmouth,26.99,2025-08-05T21:47:18.355803
David Fleming,Kennethton,34.84,2025-08-05T21:48:18.418886
Kathryn Williams,Davidton,6.13,2025-08-05T21:49:18.478778
Mr. Connor Mccann,Katiechester,36.59,2025-08-05T21:50:18.534413
Samuel Davis,Bowmanberg,18.44,2025-08-05T21:51:18.576807
Anthony Brown,New Nicole,33.7,2025-08-05T21:52:10.123134
Adam Martinez,Natashaland,31.2,2025-08-05T21:53:10.158676
Stephen Gilmore,Emilyburgh,7.56,2025-08-05T21:54:10.219253
Holly Smith,Lake Andrew,12.78,2025-08-05T21:55:10.270876
Christopher Moreno MD,Lake Amandaberg,26.34,2025-08-05T21:56:10.327709
Dr. Ronald Ayers DDS,East Jessica,-3.35,2025-08-05T21:57:10.385731
Jeffrey Mitchell,Dustinborough,-8.46,2025-08-05T21:58:10.420030
Claire Rodgers,Port Moniquebury,11.1,2025-08-05T21:59:10.478151
Virginia Hill,Lake Nicoleburgh,13.35,2025-08-05T22:00:10.536160
Mrs. Tina Russell,Kellerport,38.63,2025-08-05T22:01:10.547213
Cynthia Macias,Port Samanthaton,-6.88,2025-08-05T22:02:10.605942
Sarah Hill,Gordonland,23.47,2025-08-05T22:02:45.913995
Brian Singh,Lewisport,7.41,2025-08-05T22:03:45.968802
Alexander Terry,Natalieburgh,17.53,2025-08-05T22:04:45.995322
Bryan Nichols,Marquezborough,11.2,2025-08-05T22:05:46.047910
Carrie Giles,Alexafort,15.52,2025-08-05T22:06:46.105692
David Durham,East Charlesbury,12.6,2025-08-05T22:07:46.168178
Chad Stokes,New Jodi,6.9,2025-08-05T22:08:46.228641
Austin King,Michaelhaven,33.6,2025-08-05T22:09:46.285918
Deanna Jackson,South Kristen,6.81,2025-08-05T22:12:02.194128
Amber Gonzales,Colleenfurt,19.54,2025-08-05T22:13:02.268849
Ryan Guzman,East Melissaview,21.21,2025-08-05T22:14:02.320403
Anna Gonzalez,Josephview,24.38,2025-08-05T22:15:02.370585
Haley Crawford,Coxtown,-7.7,2025-08-05T22:16:02.411900
Ivan Howell,Johnbury,5.74,2025-08-05T22:17:02.471832
Paula Dixon,New Amber,5.39,2025-08-05T22:18:02.513725
Cody Foster PhD,North Christina,16.15,2025-08-05T22:19:02.571859
Julie Avery,Port Melissaville,8.55,2025-08-05T22:20:02.586764
Samantha Carter,Briannachester,10.8,2025-08-05T22:21:02.648118
Miranda Briggs,Washingtonside,10.64,2025-08-05T22:22:02.702027
Lori Calderon,North Shawnaview,25.99,2025-08-05T22:23:02.761077
Mrs. Maria Montoya,South Ericaside,35.95,2025-08-05T22:24:02.819322
Jessica Castro,Bradleystad,-4.51,2025-08-05T22:25:02.875488
Melinda Taylor,West Calvin,-6.65,2025-08-05T22:26:02.930830
Christina Moore,East Elizabeth,11.88,2025-08-05T22:27:02.984288
Douglas Turner,Chelseastad,6.76,2025-08-05T22:28:03.043325
Brandon Snyder,East Ryanberg,-9.95,2025-08-05T22:29:03.086210
Rodney Bell,Taylorshire,16.26,2025-08-05T22:30:03.146886
Robert Ellis,North Cherylfort,11.12,2025-08-05T22:31:03.210789
Debbie Zuniga,Port Matthew,-3.46,2025-08-05T22:32:03.267542
Charles Carter,Port John,9.7,2025-08-05T22:33:03.330699
Stephen Houston,South Troy,21.2,2025-08-05T22:34:03.383485
Angela Sandoval,Barkerburgh,29.9,2025-08-05T22:35:03.389755
Jesus Smith,Port Yvonne,9.8,2025-08-05T22:36:03.452640
Hector Hernandez,Port Lindaville,5.73,2025-08-05T22:37:03.518368
Cody Harrison,New Lindamouth,6.66,2025-08-05T22:38:03.551158
Ashley Gibbs,Jimberg,14.76,2025-08-05T22:40:32.451076
Mariah Walker,Lake Patrick,17.74,2025-08-05T22:41:32.513748
John Becker,North Brittanystad,38.12,2025-08-05T22:42:32.573152
Anthony Bautista,Jamesstad,14.4,2025-08-05T22:43:32.651555
Cory Gomez,South Caleb,32.65,2025-08-05T22:44:32.710328
Mr. Brandon Roberts MD,New James,29.26,2025-08-05T22:45:32.771734
Eric Blair,East Nicole,19.35,2025-08-05T22:46:32.835291
Jamie Jones,Alexanderport,38.84,2025-08-05T22:47:32.898430
Maria Hill,Russellstad,0.26,2025-08-05T22:48:32.954015
Jennifer Hodge,Williamsmouth,35.67,2025-08-05T22:49:32.992473
Steven Lopez,Williamstad,24.99,2025-08-05T22:50:33.001688
Patrick Villa,Scottville,24.1,2025-08-05T22:51:33.050081
Kathleen Hopkins,Lake Christophermouth,-6.97,2025-08-05T22:52:17.694925
Holly Figueroa,Cooktown,32.63,2025-08-05T22:53:17.761217
Nicholas Hull,New Rachel,0.4,2025-08-05T22:54:17.824781
Ryan Love,Lake Robin,30.83,2025-08-05T22:55:17.862109
Robert Burnett,West Wesley,-1.21,2025-08-05T22:56:17.933835
Barbara Hancock,North Rhonda,10.89,2025-08-05T22:57:17.982502
Steven Griffin,North Lisaberg,5.92,2025-08-05T22:58:18.010398
Sherry Hendrix,Johnsonview,25.45,2025-08-05T22:59:18.066188
Thomas Castillo,Lake Richardport,7.18,2025-08-05T23:00:18.123155
Kyle Singh,South Melaniehaven,22.85,2025-08-05T23:01:18.185639
Wendy Gonzalez,Angelaland,14.2,2025-08-05T23:02:18.202532
Jillian Davis,Carmenburgh,19.48,2025-08-05T23:03:11.068668
Michael Noble,Kristenfort,32.53,2025-08-05T23:04:11.144503
David Miller,West Richard,12.2,2025-08-05T23:05:11.254927
Michael Smith,South Danielchester,32.12,2025-08-05T23:06:11.313341
Megan Nelson,South Marystad,4.19,2025-08-05T23:07:11.373370
John King,Howardberg,25.61,2025-08-05T23:08:11.430586
Laura Brown,Lauriebury,-1.4,2025-08-05T23:09:11.492369
Amy Mendez,Michaeltown,21.37,2025-08-05T23:10:11.551472
Connor Johnson,Port Amanda,-8.83,2025-08-05T23:11:11.610736
Jon Ramos,Reedmouth,32.47,2025-08-05T23:12:11.670281
Erin Price,New Kristin,-1.69,2025-08-05T23:13:11.713020
Mrs. Kathryn Williams,New Tonya,16.2,2025-08-05T23:14:11.768632
Jonathan Campbell,North Josephview,28.46,2025-08-05T23:15:11.826665
Molly Drake,Sancheztown,21.81,2025-08-05T23:16:11.883603
Julie Moran,Deckerborough,7.64,2025-08-05T23:17:11.942199
Nathan Robinson Jr.,Mannmouth,31.19,2025-08-05T23:18:12.005114
Andrea Lane,West Kathryn,-7.8,2025-08-05T23:19:12.045296
Tim Hartman,North Michaelburgh,36.57,2025-08-05T23:20:12.107234
Heather Williams,West Jacqueline,15.63,2025-08-05T23:21:12.164631
Jo Turner,Timothystad,32.47,2025-08-05T23:22:12.225987
Sally Morrow,South Kimberlyfurt,14.54,2025-08-05T23:23:12.288244
Donna Young,Chavezmouth,22.16,2025-08-05T23:24:12.355757
Michelle Velasquez,Jessicafort,7.62,2025-08-05T23:25:12.400713
Sarah Thompson,North Ryanshire,35.38,2025-08-05T23:26:12.463746
Reginald Gray,Patrickborough,36.94,2025-08-05T23:27:12.510673
Brooke Robinson,South Danielhaven,18.65,2025-08-05T23:28:12.571638
Julia Richmond,Tylerfort,-3.57,2025-08-05T23:29:12.632422
Bryan Copeland,Thomaschester,2.36,2025-08-05T23:30:12.693964
Teresa Stone,Thompsonland,33.87,2025-08-05T23:31:12.743128
Mary Holder,Port Connor,24.38,2025-08-05T23:32:12.811518
Holly Walsh,New Sydney,4.57,2025-08-05T23:43:24.838632
James Eaton,South Brianhaven,16.71,2025-08-05T23:44:25.102681
Robert Ford,West Rebecca,4.68,2025-08-05T23:45:25.227990
Jennifer Cooke,Gabrielleshire,15.32,2025-08-05T23:46:25.302946
Christina Cortez,Lake Charles,26.6,2025-08-05T23:47:25.378208
Kayla Sanders,West Mariachester,7.34,2025-08-05T23:48:25.441777
John Anderson,Port Leroy,20.28,2025-08-05T23:49:25.483207
Ryan Gomez,West Jessica,27.14,2025-08-05T23:50:25.539987
Mark Butler,Lake Jeffreyside,29.94,2025-08-05T23:51:25.575622
Kathryn Kelley,North Sergio,-4.96,2025-08-05T23:52:25.641095
Destiny Stevens,Lake Mirandaburgh,5.94,2025-08-05T23:53:25.686359
Kevin Medina,New Bobby,31.64,2025-08-05T23:54:25.689034
Vanessa Williams,Port Richard,-3.33,2025-08-05T23:55:25.744976
Pamela Kirk,Lake Michealberg,38.27,2025-08-05T23:56:25.802181
Patricia Smith,Perezhaven,-9.47,2025-08-05T23:57:25.846310
Jason Carroll MD,Luisfort,9.8,2025-08-05T23:58:25.897063
Nicole Mcgee MD,New Alexburgh,13.8,2025-08-05T23:59:25.951337
Stacey Torres,Pattonville,19.45,2025-08-06T00:00:25.995922
Christopher Hall,West Tinaside,38.3,2025-08-06T00:01:26.055402
Janet Simmons,Sharpborough,23.82,2025-08-06T00:02:26.108335
Kevin Watson,West Michelestad,16.47,2025-08-06T00:03:26.164022
Vicki Cox,South Yolanda,18.4,2025-08-06T00:04:26.222503
Mark Peters,Courtneymouth,35.79,2025-08-06T00:05:26.277298
Kenneth Lynch,Ryanmouth,28.28,2025-08-06T00:06:26.323994
Thomas Sanchez,Suttonbury,23.13,2025-08-06T00:07:26.336065
Brandy Trevino,Millerborough,-4.2,2025-08-06T00:08:26.402226
Andrea Hunt,South Jacob,-2.91,2025-08-06T00:09:26.460316
Jill Lewis,West Seanport,20.64,2025-08-06T00:10:26.519015
James Stout,East Lisafurt,-9.84,2025-08-06T00:11:26.573833
Aaron Dodson,Johnshire,-5.11,2025-08-06T00:12:26.310449
Donna Hester,North Victoriaside,20.3,2025-08-06T00:13:26.384702
Joseph Christensen,Dicksonview,16.33,2025-08-06T00:14:26.506290
Daniel Coffey,Alvaradofort,38.55,2025-08-06T00:15:26.563085
Joseph Marquez,Lake Jeremy,15.51,2025-08-06T00:16:26.612063
Nicole Ellison,Lake Cristianstad,-1.74,2025-08-06T00:17:26.671283
Mario Scott,Jefferytown,-8.2,2025-08-06T00:18:26.736475
James Conway,Laurenfort,24.92,2025-08-06T00:19:26.794307
Jennifer Franco,Robertport,35.56,2025-08-06T00:20:26.838882
Edwin Herman,Davidton,37.5,2025-08-06T00:21:26.908022
Molly Reed,Cooperview,20.18,2025-08-06T00:22:26.969356
Adrienne Jordan,South Marcus,0.87,2025-08-06T00:23:27.021908
Taylor Brown,Englishmouth,30.89,2025-08-06T00:24:27.079879
Robert Walker,Jacksonport,10.32,2025-08-06T00:25:27.134303
Teresa Sims,West Michael,24.97,2025-08-06T00:26:27.195725
Maria Smith,Tarafurt,-1.91,2025-08-06T00:27:43.462831
Michael Carter,Autumnhaven,-8.9,2025-08-06T00:28:43.582972
David Lynch,West Brian,14.81,2025-08-06T00:29:43.656601
Lauren Murphy,Calvinfort,39.49,2025-08-06T00:30:43.716361
Jennifer Miller,West Tim,6.27,2025-08-06T00:31:43.776649
Penny Santiago,Lake Vickiemouth,-5.15,2025-08-06T00:32:43.809710
Tracey White,Garciahaven,7.75,2025-08-06T00:33:43.869079
Jeffrey Whitaker,East Sharon,12.33,2025-08-06T00:34:43.928780
Anthony Taylor,North Michelleborough,28.4,2025-08-06T00:35:43.984611
Marie Thompson,West Rachelbury,18.4,2025-08-06T00:36:44.045471
Sandra Green,Richardfort,7.19,2025-08-06T00:37:44.103867
Claudia Black,Stephenfurt,-5.55,2025-08-06T00:38:44.166106
Jill Proctor,New Jennifer,5.9,2025-08-06T00:39:57.766831
Dana Proctor,New Jessicaberg,25.16,2025-08-06T00:40:57.854809
Jamie Hughes,Gonzalezview,10.64,2025-08-06T00:41:57.932264
Geoffrey Smith,Matthewhaven,26.97,2025-08-06T00:42:57.987803
Katelyn Miller,West Debra,2.14,2025-08-06T00:43:58.038243
Leah Schultz,West Sandraland,-3.2,2025-08-06T00:44:58.097640
Mr. Ryan Bailey MD,Jeremybury,-6.1,2025-08-06T00:45:58.157564
Steven Jones,Katelynburgh,19.31,2025-08-06T00:46:58.223836
Jennifer Castillo,Jonathanmouth,12.87,2025-08-06T00:47:58.282797
Mary Barton,Kathyview,34.37,2025-08-06T00:48:58.340913
Alexandra Guerra,New Luishaven,31.47,2025-08-06T00:49:58.400953
Dustin Newton,Lake Paulaside,30.4,2025-08-06T00:50:58.458308
Cynthia Smith,Joyceburgh,31.83,2025-08-06T00:51:53.192577
Frank Cohen,Jenningsland,-5.54,2025-08-06T00:52:53.282837
Christina Baker,Lake Clinton,27.89,2025-08-06T00:53:53.342993
Tammy Johnson,Joshuachester,33.1,2025-08-06T00:54:53.401288
Caitlin Jackson,Rodriguezstad,4.9,2025-08-06T00:55:53.465010
William Woods,Harpermouth,34.74,2025-08-06T00:56:53.525264
Matthew Howell,Port Nicoleview,29.12,2025-08-06T00:57:53.583861
Sally Moran,Lake Keithmouth,27.74,2025-08-06T00:58:53.646886
Megan Aguilar,Bradfurt,22.74,2025-08-06T00:59:53.701641
Loretta Hart,Port Jacqueline,10.4,2025-08-06T01:01:03.916658
Laura Mccann,Greenhaven,5.4,2025-08-06T01:02:03.983161
Matthew Bowen,West David,2.22,2025-08-06T01:03:04.056220
Kelly Conrad,South Rachel,39.17,2025-08-06T01:04:04.111660
Taylor Smith,New Jenniferton,9.78,2025-08-06T01:05:04.148643
Vincent Welch,Port Tammietown,6.75,2025-08-06T01:06:04.206787
Daniel Glenn,West Josephfurt,-2.4,2025-08-06T01:07:04.266334
Andrew Sullivan,New Michael,34.73,2025-08-06T01:07:38.996838
David Flores,Meganfort,2.84,2025-08-06T01:08:39.060961
Joshua Chan,Davisport,-5.31,2025-08-06T01:09:39.124240
Christopher Lewis,South Eric,26.5,2025-08-06T01:10:39.182620
Tiffany Olsen,Catherinemouth,35.52,2025-08-06T01:11:39.237061
Jennifer Knight,New Marialand,14.21,2025-08-06T01:12:39.324335
Stephen Rivera,Nicolebury,19.94,2025-08-06T01:13:39.384740
Maria Green,Jeffreyberg,16.16,2025-08-06T01:14:39.439465
Michelle Woods DDS,North Nicoleberg,15.26,2025-08-06T01:15:39.499086
Charles Smith,Port Stephenfort,2.5,2025-08-06T01:16:39.557824
Ryan Cook,New Anthony,-9.86,2025-08-06T01:17:39.619989
Michael Duarte,Adrianbury,-2.1,2025-08-06T01:21:33.553428
Cheryl Welch,South Rachel,5.28,2025-08-06T01:22:33.620663
Wendy Robinson,Brucemouth,18.76,2025-08-06T01:23:33.691925
Andrew Guerra,Crawfordhaven,17.68,2025-08-06T01:24:33.751064
Mr. Michael Murray PhD,New Savannahfort,22.88,2025-08-06T01:25:33.805616
Tiffany Williamson,West Joshuaburgh,27.17,2025-08-06T01:26:33.866202
Nicole Austin,Smithchester,14.98,2025-08-06T01:27:33.921290
Mr. Edward Davis,New Danielborough,37.87,2025-08-06T21:00:13.384384
Alisha Cox,North Johnland,26.16,2025-08-06T21:01:13.472746
Melinda Clark,Stephanieton,38.97,2025-08-06T21:02:13.541476
Sylvia Wright,New Luis,34.72,2025-08-06T21:03:13.599720
Kim Sweeney,Palmerview,9.81,2025-08-06T21:04:13.662428
Joseph Garcia,West Jenniferville,19.25,2025-08-06T21:05:13.726403
Bradley Horton,Duncanfurt,-6.7,2025-08-06T21:06:13.789499
Timothy Davis,Jacksonmouth,-9.61,2025-08-06T21:07:13.850346
Philip Yang,Williamsfort,1.86,2025-08-06T21:08:13.908963
Jason Miller,North Carolynmouth,38.64,2025-08-06T21:09:13.971323
Andrea Jimenez,Lake Jonathan,38.9,2025-08-06T21:10:14.030205
Angela Cook,Sarahbury,3.14,2025-08-06T21:11:14.089050
Ashley Francis,Higginsland,31.58,2025-08-06T21:12:14.150740
Dawn Torres,Bryanville,37.56,2025-08-06T21:13:14.228795
Eileen Norton,West Deborah,25.36,2025-08-06T21:14:14.285617
Mark Hicks,Sextonstad,21.79,2025-08-06T21:15:14.365639
Kelly Vasquez,Laurenfort,-8.44,2025-08-06T21:16:14.426491
Courtney Porter,South Davidberg,30.4,2025-08-06T21:17:14.481018
Annette King,Rogersstad,38.51,2025-08-06T21:18:14.543750
Dana Kirk DDS,Morgantown,-8.57,2025-08-06T21:19:14.644723
Mr. Ricardo Dunn,Charleneville,23.12,2025-08-06T21:20:14.735526
Anthony Brown,Port Michael,29.69,2025-08-06T21:21:14.790954
Logan Watson,Lake Daisy,20.73,2025-08-06T21:22:14.851778
Jeffrey Miller,New Larry,24.69,2025-08-06T21:23:14.940002
Zachary Sanchez,Perezton,9.0,2025-08-06T21:24:14.993818
Mark Castro MD,Daltonville,35.72,2025-08-06T21:25:15.052082
Timothy Harris,West Kathryn,12.72,2025-08-06T21:26:15.110271
Matthew Johnston,West Jeffrey,39.9,2025-08-06T21:27:15.114630
Krystal Gutierrez,South Cassandrachester,2.61,2025-08-06T21:28:15.186907
Andrea Turner,North Laura,10.71,2025-08-06T21:29:15.239504
Shane Patel,Garciaburgh,21.36,2025-08-06T21:30:15.293676
William Delacruz,Annamouth,33.8,2025-08-06T21:31:15.357621
Brian Castillo,East Jason,17.14,2025-08-06T21:32:15.418331
Lauren Mays,North Lisafort,1.16,2025-08-06T21:33:15.571618
Angel Hart,Christinahaven,37.38,2025-08-06T21:34:15.631141
Kent Smith,West Dennisview,-1.47,2025-08-06T21:35:15.690645
Erika Hughes,Nicholasmouth,0.3,2025-08-06T21:36:15.790225
Amy Garcia,Ramirezchester,18.9,2025-08-06T21:37:15.989294
Catherine Bell,Stewartburgh,-2.86,2025-08-06T21:38:16.046163
Ana Martinez,Leetown,21.4,2025-08-06T21:39:16.105740
Mrs. Linda Chandler,Port Tracyshire,-3.33,2025-08-06T21:40:16.177064
Jordan Davis,Crawfordmouth,35.81,2025-08-06T21:41:16.235556
Michael West,West Levi,32.99,2025-08-06T21:42:16.298362
Jamie Baldwin,Lloydborough,35.78,2025-08-06T21:43:16.354488
Kimberly Carroll,New Kellytown,8.86,2025-08-06T21:44:16.417126
Charles Robertson,Bookershire,-5.85,2025-08-06T21:45:16.474651
Andrew Stanley,South Rogerton,29.84,2025-08-06T21:46:16.534417
Shannon Cruz,Mccarthyhaven,6.36,2025-08-06T21:46:49.695085
Susan Brown,Smithville,14.11,2025-08-06T21:47:49.754109
Nancy Barnett,East Russellberg,10.21,2025-08-06T21:48:49.824622
Jose Williams,South Laurenchester,5.97,2025-08-06T21:49:49.885531
Cheryl Mcdaniel,East Jennifer,3.14,2025-08-06T21:50:49.896090
Sarah Ryan,Youngside,5.6,2025-08-06T21:51:49.958142
Elaine Ramirez,Elizabethshire,22.37,2025-08-06T21:52:50.017342
James Taylor,West Jonathanfurt,37.59,2025-08-06T21:53:50.074071
Samuel Lee,South Margaretland,5.62,2025-08-06T21:56:58.469510
Rebecca Smith,Morrisonshire,-5.12,2025-08-06T21:57:58.538880
Kayla Figueroa,West Kevin,25.93,2025-08-06T21:58:58.602539
Janet Nguyen,South Ericfort,21.13,2025-08-06T21:59:58.636821
Susan Young DDS,South Jacobhaven,3.75,2025-08-06T22:00:58.656632
Billy Benitez,Lake Nicholasport,-3.4,2025-08-06T22:01:58.717814
Victor Oconnell,West Hunterbury,23.89,2025-08-06T22:02:58.775554
Joshua Palmer,West Kara,25.91,2025-08-06T22:03:58.839415
Jeffrey Lewis,South Robert,30.78,2025-08-06T22:04:58.867275
Timothy Vang,Kellyshire,28.76,2025-08-06T22:05:58.925492
Noah Anderson,South Mark,-4.7,2025-08-06T22:06:58.982929
Nicole Jordan,West Robertbury,18.99,2025-08-06T22:07:59.040381
Sheri Holland,Moralestown,6.33,2025-08-06T22:08:59.100776
Mark Obrien,Skinnerview,26.98,2025-08-06T22:09:59.160355
Kevin Robinson,Joeberg,-3.7,2025-08-06T22:10:59.215326
Aaron Cardenas,East Beth,36.23,2025-08-06T22:11:59.260211
Samantha Morris,Dustinfurt,23.92,2025-08-06T22:12:59.275386
Jennifer Ryan,Seanport,-1.48,2025-08-06T22:13:59.335008
Mr. John Thomas,Port Josephville,32.11,2025-08-06T22:14:59.391974
Selena Moran,Tannerburgh,11.69,2025-08-06T22:15:59.450957
Sabrina Bates,Amberstad,-3.5,2025-08-06T22:17:21.286501
Danielle Valentine,South Stephanie,-7.65,2025-08-06T22:25:04.368688
Diana Gomez,Lake Amberland,14.3,2025-08-06T22:26:04.430697
Lisa Horton,Elizabethchester,0.71,2025-08-06T22:27:04.462040
Patricia Crawford,South Normachester,6.4,2025-08-06T22:28:04.513748
Mary Gibson,South Jason,26.46,2025-08-06T22:29:04.568233
Dakota Lloyd,Lake Amandastad,22.38,2025-08-06T22:30:04.630182
James Morrow,East Erintown,30.42,2025-08-06T22:31:04.691528
Mary Parker MD,Jamesbury,12.68,2025-08-06T22:32:04.749084
Alicia Jarvis,Williamsside,14.5,2025-08-06T22:33:04.809234
Michael Garcia,Carlsonhaven,35.39,2025-08-06T22:34:04.853574
Stephanie Mendoza,Karenstad,31.2,2025-08-06T22:35:04.908590
Jose Wolfe,Port Kimberlyport,-9.3,2025-08-06T22:36:04.967200
Samantha Smith,North Jessicaport,-6.31,2025-08-06T22:37:12.528197
Jacqueline Holt,Tamaraside,26.5,2025-08-06T22:38:12.602308
Kevin Vazquez,Watersport,28.77,2025-08-06T22:39:12.674148
Jill Frye,Lauraport,39.7,2025-08-06T22:40:12.741436
Benjamin Jones,South Adamchester,34.87,2025-08-06T22:41:12.789091
Angela Doyle,Lake Michaelside,22.54,2025-08-06T22:42:12.845398
Trevor Frazier PhD,Mooreton,-2.51,2025-08-06T22:43:12.907459
Andrew Nelson,West Jeremiahside,-6.28,2025-08-06T22:44:12.967425
Elijah Herring,Pierceshire,7.39,2025-08-06T22:45:13.028212
Tracy Hall,Jenniferton,-6.73,2025-08-06T22:46:13.034781
Kelly Hughes,New Paigemouth,21.17,2025-08-06T22:47:13.068224
Dawn Dougherty,North Karen,33.43,2025-08-06T22:48:13.124060
Elizabeth Lloyd,West Jamesstad,31.69,2025-08-06T22:49:13.184680
Ronnie Dillon,Vaughnfurt,27.79,2025-08-06T22:50:13.248652
Kenneth Rice,Jonesland,22.2,2025-08-06T22:51:13.283553
Eileen Johnson,New Bobby,25.81,2025-08-06T22:52:13.340919
Nicole Martin,Sueshire,-5.45,2025-08-06T22:53:13.348689
Amanda Olson,Anthonystad,10.9,2025-08-06T22:54:13.402670
James Hernandez,Vazquezport,36.49,2025-08-06T22:55:13.462592
Jason Stevenson,North Andreastad,0.97,2025-08-06T22:56:13.488714
Michaela Matthews,Port Janeborough,14.7,2025-08-06T22:57:13.554604
James Liu,West Carmen,16.84,2025-08-06T22:58:13.611141
Anthony Sims,West Samuel,-3.69,2025-08-06T22:59:13.675608
Dr. Melissa Miller,Port Joannshire,26.12,2025-08-06T23:00:13.733407
Julie Oconnell,Benjaminland,4.96,2025-08-06T23:01:45.342915
Debra Williamson,Benjaminton,20.86,2025-08-06T23:02:45.425937
Mary Phillips,Odonnellshire,-2.29,2025-08-06T23:03:45.500194
Andrew Day,North Joelport,13.78,2025-08-06T23:04:45.564429
Margaret Costa,Lake Jennifer,-2.89,2025-08-06T23:05:45.623437
Richard Graves,North Bryanhaven,15.33,2025-08-06T23:06:45.646746
Deanna Perry,West Sarah,18.89,2025-08-06T23:07:45.688937
Pamela Pittman,East Joshua,24.76,2025-08-06T23:08:45.751773
Wesley Castro,West Christopher,30.51,2025-08-06T23:09:45.812958
John Cantu,West Austinfort,0.6,2025-08-06T23:10:45.869794
James Phillips,Leeville,8.22,2025-08-06T23:11:45.945126
Eric Martin,North Jasonshire,-5.5,2025-08-06T23:12:46.000174
Dillon Johnson,Port Saratown,17.61,2025-08-06T23:13:46.053278
Rachel Cooper,New Dawn,3.87,2025-08-06T23:14:46.050554
Ryan Mccann,Schmidtland,34.85,2025-08-06T23:15:41.159107
Patricia Huynh,Lake Randyview,33.41,2025-08-06T23:16:41.212694
Daniel Lewis,Thorntonburgh,-2.4,2025-08-06T23:17:41.285813
Ashley Blackwell,Adamchester,17.23,2025-08-06T23:18:41.343717
Sandra Best,East David,18.12,2025-08-07T18:38:25.813978
Michelle Perez,Patrickberg,2.2,2025-08-07T18:39:26.112819
Robert Cooper,Lanefort,14.85,2025-08-07T18:40:26.217408
Lisa Johnson,Henryport,26.62,2025-08-07T18:41:26.362179
Tim Robinson,South Angelabury,19.78,2025-08-07T18:42:26.394989
Lisa Phillips,Patriciamouth,24.16,2025-08-07T18:43:46.599123
Cindy Harris,Lake Michaelburgh,2.23,2025-08-07T18:44:46.688208
Amanda French,Port Aprilstad,15.73,2025-08-07T18:45:46.901441
William Estes Jr.,Lake Branditon,-7.42,2025-08-07T18:46:46.943995
Tonya Compton,North Kimberlyview,-8.89,2025-08-07T18:47:47.003825
Pamela Navarro,Jeffreymouth,35.55,2025-08-07T18:48:47.061527
Thomas Lewis,South Tonymouth,-3.36,2025-08-07T18:49:47.114360
Christina Stuart,Stephenborough,10.37,2025-08-07T18:50:47.183519
Joshua Mahoney,Bullockfort,31.74,2025-08-07T18:51:47.255614
Ashley Smith MD,Mariashire,15.95,2025-08-07T18:52:47.342548
Judy Lewis,Lake Patricia,-1.84,2025-08-07T18:53:47.398615
Sarah Dickson,Jillianburgh,17.63,2025-08-07T18:54:47.454550
Philip Hughes,Farleystad,31.99,2025-08-07T18:55:47.502728
Antonio Bautista,Leestad,-1.99,2025-08-07T18:56:47.513564
Alexis Foster,Lake Jamestown,13.47,2025-08-07T18:57:47.573155
Jennifer Marks,Alexanderton,11.29,2025-08-07T18:58:47.586707
Amy Bailey,Lake Derekchester,3.59,2025-08-07T18:59:47.681995
Jocelyn Chen,West Andrewland,-2.46,2025-08-07T19:00:47.796101
Linda Davis,North Leonard,32.42,2025-08-07T19:01:47.853240
Dave Jones,Port Jenniferberg,-1.15,2025-08-07T19:02:47.906482
Megan Greene,Huynhborough,36.8,2025-08-07T19:03:47.967726
Shannon Dillon,Port Michael,28.6,2025-08-07T19:04:48.025311
Gabrielle Wilson,Davetown,32.41,2025-08-07T19:05:48.084288
Alex Bradshaw,Port Mindyside,7.81,2025-08-07T19:06:48.144035
Derek Hoffman,South Linda,2.36,2025-08-07T19:07:48.200801
Susan Miller,Lake Mark,18.76,2025-08-07T19:08:48.213723
Abigail Roberts,Timothyport,11.19,2025-08-07T19:09:48.269416
Jacob Williams,West Nicole,14.5,2025-08-07T19:10:48.329517
Lisa Branch,Lawsonport,0.59,2025-08-07T19:11:48.390087
Alexis Lopez,South Calvinmouth,31.9,2025-08-07T19:12:48.446769
Tammy Lopez,Guerreroland,37.74,2025-08-07T19:13:48.505496
David Pearson,West Krystal,1.16,2025-08-07T19:14:48.560701
Jared Stafford,Krauseside,-7.52,2025-08-07T19:15:48.618854
James Ramirez,Joannshire,-4.75,2025-08-07T19:16:48.678475
George Hall,Garnermouth,23.97,2025-08-07T19:17:48.736917
Samantha Ross,Davismouth,8.15,2025-08-07T19:18:48.770956
Derrick English,New Kevinville,10.71,2025-08-07T19:19:48.846372
Denise Russo,Robinsonbury,-4.76,2025-08-07T19:20:48.907746
Shane Wallace,Simmonsshire,-5.43,2025-08-07T19:21:48.965569
Barbara Wells,Lisaland,-5.8,2025-08-07T19:22:49.022597
Stephanie Vazquez,Rossfort,34.36,2025-08-07T19:23:49.082526
Susan Brown,New Christopher,24.2,2025-08-07T19:24:49.138580
Brandy Leonard,East Patricia,36.12,2025-08-07T19:25:49.197650
Ryan Johnston,Taylorburgh,31.26,2025-08-07T19:26:49.254319
Lindsay Smith,Ericfort,8.6,2025-08-07T19:27:49.313657
Mary Shannon,West Connorland,33.67,2025-08-07T19:28:49.325293
Brandon Rodgers,Braunborough,34.98,2025-08-07T19:29:49.384006
Robert Taylor,East Andreaberg,0.7,2025-08-07T19:30:49.444983
Wayne Whitehead,South Jonathan,-6.78,2025-08-07T19:31:49.500028
John Anderson,Port Brandon,-8.98,2025-08-07T19:32:49.560330
Timothy Wagner,Melissaside,25.5,2025-08-07T19:33:49.641035
Carly Johnston,Coryfurt,20.17,2025-08-07T19:34:49.695314
Joseph Sutton,Port Barbarafort,10.67,2025-08-07T19:35:49.755522
Linda Sanchez,Maryburgh,19.0,2025-08-07T19:36:49.815926
Chase Pena,Williamsmouth,13.28,2025-08-07T19:37:49.870906
Amber Thomas,Timothystad,1.7,2025-08-07T19:38:49.914558
Cristian Perez,Smithport,5.16,2025-08-07T19:39:49.979367
Mr. Derek Wallace,Lake Davidside,15.27,2025-08-07T19:40:50.029790
Michelle Mcconnell,Williamshire,21.92,2025-08-07T19:41:50.087664
Bailey Flores,Wheelertown,1.91,2025-08-07T19:43:05.663021
Kathleen Roberts,Deannaville,-8.27,2025-08-07T19:44:05.724851
Gerald Browning,East Justin,16.61,2025-08-07T19:45:05.794830
Monica Booth,Lake Apriltown,30.28,2025-08-07T19:46:05.850690
Jay Newman,Nguyenberg,20.8,2025-08-07T19:47:05.912846
Lori Flores,North Autumnfort,34.5,2025-08-07T19:48:05.975525
Elizabeth Webb,Stanleyberg,9.59,2025-08-07T19:49:06.030475
Nathan Wright,Barajasbury,21.7,2025-08-07T19:50:06.070897
Robert Brooks,Charlesshire,19.5,2025-08-07T19:51:06.127551
Debra Walsh,Alexandrastad,17.82,2025-08-07T19:52:06.176417
Amanda Scott MD,West Ryan,-7.38,2025-08-07T19:53:06.237177
Corey Mcdonald,South Andrewhaven,22.42,2025-08-07T19:54:06.294659
Leon Garcia,Reneehaven,27.7,2025-08-07T19:55:06.354902
Monique Smith,Amyside,31.23,2025-08-07T19:56:06.356382
Jessica Rivera,North Kevinbury,39.8,2025-08-07T19:57:06.414657
Robert Rodriguez,Port Craigbury,37.85,2025-08-07T19:58:06.475155
Eric Kelly,Danielbury,-6.53,2025-08-07T19:59:29.043894
Elizabeth Dickerson,Marytown,3.37,2025-08-07T20:00:29.144141
Mrs. Kathleen Summers,Derrickbury,15.62,2025-08-07T20:01:29.205199
Thomas Boyd,Joshuachester,6.32,2025-08-07T20:02:29.262944
Alexandra Garcia,South Ryan,-8.75,2025-08-07T20:03:29.324626
Christina Wilson,New Danaville,29.13,2025-08-07T20:04:29.357190
Christy Carlson,West Ashleyburgh,-5.84,2025-08-07T20:05:29.415538
Julie Spencer,Candacestad,0.14,2025-08-07T20:06:29.475830
Holly Miller,Jamesfurt,21.74,2025-08-07T20:07:29.537209
Matthew Kirk,Lake Annefort,25.49,2025-08-07T20:08:29.591325
Kenneth Waters,New Craigport,28.8,2025-08-07T20:09:29.731999
John Bruce,Davidville,30.88,2025-08-07T20:10:29.795077
Alfred Rhodes,West Benjaminchester,32.57,2025-08-07T20:11:29.825021
Brent Arroyo,West Tina,12.9,2025-08-07T20:12:29.878019
Chad Nichols,Sheltonside,-9.6,2025-08-07T20:13:29.940922
Dominique Garcia,Nguyenshire,6.4,2025-08-07T20:14:29.988875
David Cox,Thompsonbury,6.2,2025-08-07T20:15:30.040389
Jose Campos,Gutierrezhaven,25.1,2025-08-07T20:16:30.103202
Cheryl Flores,Jeremiahfort,34.59,2025-08-07T20:17:30.152255
Catherine Randall,Brucemouth,11.89,2025-08-07T20:18:30.191506
Marcus Gomez,Smithfort,-3.9,2025-08-07T20:19:21.040215
Kathleen Green,Megantown,27.8,2025-08-07T20:20:21.126957
Robert Morrison,Christophermouth,7.61,2025-08-07T20:21:21.194209
Michael Klein,Christopherburgh,-9.44,2025-08-07T20:22:21.263252
Anne Nunez,Ballardchester,19.5,2025-08-07T20:23:21.274314
Chelsea Singh,East Kirstenborough,22.93,2025-08-07T20:24:21.339875
Dave Hebert,New Tylermouth,15.83,2025-08-07T20:25:21.408948
Edwin Fernandez,Kingmouth,1.28,2025-08-07T20:26:21.461581
Philip Arias,Danielsview,37.43,2025-08-07T20:27:14.670407
Christine Hansen,Humphreyborough,17.48,2025-08-07T20:28:14.736824
Andre Smith,North Michaelhaven,-6.19,2025-08-07T20:29:14.819752
Michael Bates,North Michael,3.75,2025-08-07T20:30:14.888784
Robert Avery,West Carolynburgh,19.93,2025-08-07T20:31:14.942584
Victoria Patterson,Stoneland,9.89,2025-08-07T20:32:15.001572
Brian Ford,Chavezhaven,7.74,2025-08-07T20:33:15.051617
Mr. Carlos Scott MD,Joshuashire,22.24,2025-08-07T20:34:15.108872
Michael Espinoza,East Stevenside,24.31,2025-08-07T20:35:15.160818
William Palmer,Petersenport,32.21,2025-08-07T20:36:15.236833
Laura Ashley,East Robin,0.29,2025-08-07T20:37:15.289537
Vincent Arnold,New Joemouth,13.77,2025-08-07T20:38:15.337377
Jonathan Mullen,South Wanda,12.62,2025-08-07T20:39:15.418495
Angela Francis,Martinezshire,20.86,2025-08-07T20:40:15.504598
Casey Sanchez,East Joseph,26.24,2025-08-07T20:41:15.627089
Haley Melton,Adamsview,33.98,2025-08-07T20:42:15.671795
Jonathan Chang,Jamieton,15.0,2025-08-07T20:43:15.805237
Frederick Howard,Lake Christopher,-4.16,2025-08-07T20:44:15.865771
Henry Dawson,East Steventown,-1.65,2025-08-07T20:45:15.925596
Karen Alvarez,Lake Rickey,-8.17,2025-08-07T20:46:15.985694
Ann King,East Brianhaven,-7.19,2025-08-07T20:47:16.025191
Daniel Johnson,Dunnmouth,-1.35,2025-08-07T20:48:16.083389
Andrew Carroll,North Paul,30.78,2025-08-07T20:50:00.408622
Randy Hebert,Lake Kevinstad,11.91,2025-08-07T20:51:00.477100
Paul Elliott,New Johnburgh,15.7,2025-08-07T20:52:00.574205
Theodore Allen,Priceview,38.64,2025-08-07T20:53:00.631461
Courtney Harris,Michaelton,-7.9,2025-08-07T20:54:00.688053
John Schroeder,Bradleyside,0.69,2025-08-07T20:55:00.749541
Kenneth Kemp,North John,33.29,2025-08-07T20:56:00.808458
Danny Duran,Meltonmouth,22.4,2025-08-07T20:57:00.862576
Crystal King,Port Eric,-7.5,2025-08-07T20:58:00.919671
Tyler Little,Westhaven,36.93,2025-08-07T20:59:00.957889
Nancy Jones,Lake Kimberly,24.98,2025-08-07T21:00:00.994304
Karen Cox,Austinhaven,4.19,2025-08-07T21:01:13.517329
Jeremy Thomas,West Jameshaven,-7.65,2025-08-07T21:02:13.585799
Isaiah Adams,Pruittville,31.21,2025-08-07T21:03:13.655896
Kimberly Moore,New Heidiview,28.54,2025-08-07T21:04:13.723635
David Harris,Kathrynberg,26.48,2025-08-07T21:05:13.766217
Lisa Diaz,Stevenstad,12.13,2025-08-07T21:06:13.823173
Karen Mays,Lake Lisafurt,14.3,2025-08-07T21:07:13.880836
Michael Murphy,Markmouth,36.73,2025-08-07T21:08:13.937032
Leslie Nelson,South Andreaton,33.76,2025-08-07T21:09:13.995335
Melinda Moreno,South Oliviaburgh,14.8,2025-08-07T21:10:14.051466
Daniel Mendez,Roberthaven,23.35,2025-08-07T21:11:14.106150
Jose Walker,Lake Megan,31.96,2025-08-07T21:12:14.160755
Carly Hartman,North Michelleborough,-4.13,2025-08-07T21:13:14.294683
Kevin Nguyen,North Juliahaven,25.65,2025-08-07T21:14:01.303903
Jasmin Hicks,South Chaseshire,38.28,2025-08-07T21:15:01.363633
Elizabeth Wilson,West Jennifer,19.84,2025-08-07T21:16:01.435057
Kelly Garcia,North Valerie,-1.74,2025-08-07T21:17:01.496571
Casey Nicholson,Hernandezborough,-7.57,2025-08-07T21:18:01.563365
Ashley Graves,Sloanburgh,5.81,2025-08-07T21:19:01.626804
Gina Barnes,Michelleborough,0.21,2025-08-07T21:20:01.695375
Scott Boone,Knighthaven,31.39,2025-08-07T21:21:01.731946
Lisa Parker,Scottmouth,9.81,2025-08-07T21:22:01.781703
Carrie Camacho,Dwaynemouth,8.98,2025-08-07T21:23:01.839925
Susan Wilson,Woodston,11.97,2025-08-07T21:24:01.897411
Jessica Green,East Larry,14.16,2025-08-07T21:25:01.963124
David Richardson,Walkermouth,-5.76,2025-08-07T21:26:02.017392
Jeffery Murphy,Martinfort,-7.7,2025-08-07T21:27:02.071224
Michael Payne,Michaelmouth,16.64,2025-08-07T21:28:02.124249
Lisa Collins,Brownberg,2.93,2025-08-07T21:29:02.168055
Kathleen Gordon,East Amanda,-9.6,2025-08-07T21:30:02.222375
Mr. Matthew Cabrera MD,Smithport,10.66,2025-08-07T21:31:02.278941
Darrell Smith,New Teresa,11.62,2025-08-07T21:32:02.338671
Jennifer Miller,Port Deborah,16.25,2025-08-07T21:33:02.401480
Andrew Fleming,South Joshuaborough,18.94,2025-08-07T21:34:02.455665
Brittany Castro,Port Shane,17.38,2025-08-07T21:35:02.502915
Donna Thomas,Rachelmouth,35.55,2025-08-07T21:36:02.562514
Henry Hughes,Johnsonview,-6.69,2025-08-07T21:37:02.608438
Martin Castillo,Shirleytown,12.7,2025-08-07T21:38:02.663327
Latoya Bates,Josefurt,14.9,2025-08-07T21:39:02.720431
Gary Ruiz,Sandraburgh,22.42,2025-08-07T21:40:02.777783
Greg Brooks,East Jeffreyfurt,26.51,2025-08-07T21:41:02.836884
James Bryan,Sarahfort,8.78,2025-08-07T21:42:02.895356
Nathan Williams,Lake Donna,17.73,2025-08-07T21:43:02.954155
David Hopkins,Jillhaven,23.83,2025-08-07T21:44:03.015168
Brent Keller,Belltown,-7.19,2025-08-07T21:45:03.078093
Edward Brooks,West Evan,39.99,2025-08-07T21:46:03.105910
Crystal Lyons,New Rick,13.67,2025-08-07T21:47:03.163762
Kelly Mcdonald,New Cassandra,36.7,2025-08-07T21:48:03.220957
Ashley Ballard,East Josephborough,5.4,2025-08-07T21:49:03.257573
Mr. Cody Campbell,Chelseachester,15.59,2025-08-07T21:50:03.298129
Mr. Bradley Oconnor III,South Amanda,36.59,2025-08-07T21:51:03.352747
Shari Cunningham,New Heather,36.23,2025-08-07T21:52:03.410458
Stephanie Torres,South Linda,18.33,2025-08-07T21:53:03.473393
Hannah Knapp,South Victoriaborough,34.37,2025-08-07T21:54:03.531566
Brooke Morris,South Jenniferchester,30.59,2025-08-07T21:55:03.599912
Natalie Herrera,New Daniel,1.78,2025-08-07T21:56:03.656538
Cameron Bailey,East Billyside,-9.5,2025-08-07T21:57:03.714369
Eugene Frederick,Munozside,39.57,2025-08-07T21:58:03.771836
Louis Mayo,Tinatown,7.11,2025-08-07T21:59:03.830571
Kyle Rowe,South Georgeport,21.37,2025-08-07T22:00:03.892191
Michael Huang,Port Rachaelborough,22.3,2025-08-07T22:01:04.799424
Catherine Reese,Collinsfort,24.96,2025-08-07T22:02:04.867020
Kyle Perez,Sampsonhaven,-3.77,2025-08-07T22:03:04.924765
Meredith Mitchell,East Mary,32.12,2025-08-07T22:04:04.957267
Charles Landry,Bryanview,31.9,2025-08-07T22:05:04.988371
Kenneth Vega,Henryhaven,28.76,2025-08-07T22:06:05.043638
Jacob Foster,Nielsenport,11.67,2025-08-07T22:07:05.167917
Brenda Zamora,South Brandon,26.78,2025-08-07T22:13:09.812674
Michelle Rivera,Jesustown,7.23,2025-08-07T22:14:09.869649
Karen Solomon,Hawkinstown,2.13,2025-08-07T22:15:09.915043
Richard Ramos,New Ashleystad,29.9,2025-08-07T22:16:09.942730
Nicholas Silva,Stevenfort,35.83,2025-08-07T22:17:10.003686
Jessica Bell,South Vernonmouth,29.48,2025-08-07T22:18:10.056879
Mark Garcia,Juarezview,8.2,2025-08-07T22:19:10.116152
Brent Alvarado,Morrisshire,12.47,2025-08-07T22:20:10.173182
Dwayne Heath,New Spencer,9.2,2025-08-07T22:21:10.231465
Amy Phelps,Perezstad,-6.29,2025-08-07T22:22:10.282023
Brittany Perry,Roystad,1.72,2025-08-07T22:23:10.342027
David Dunn,East David,-9.33,2025-08-07T22:24:10.403872
Mark Brewer,Montgomeryside,6.16,2025-08-07T22:25:10.470996
Amber Kent,East Jennifer,-1.65,2025-08-07T22:26:10.528181
Penny Howard,Laurenton,3.97,2025-08-07T22:27:10.565872
Kayla Campbell,North April,20.47,2025-08-07T22:28:10.625754
Patricia Long,Martinezchester,-2.83,2025-08-07T22:29:10.685441
Kevin Robertson,East Andrea,36.22,2025-08-07T22:30:10.744846
Roger Johnson,Michellechester,1.6,2025-08-07T22:31:10.796969
Ryan Shaw,Lake Michael,13.45,2025-08-07T22:32:10.856483
Mark Mcdonald,North Jeffburgh,25.46,2025-08-07T22:33:10.914233
Thomas Castillo,Garrettborough,12.97,2025-08-07T22:34:10.980300
Christy Keller,Billychester,12.16,2025-08-07T22:35:11.040055
Dr. Richard Young,Daleport,13.64,2025-08-07T22:36:11.099999
Wanda Austin,Krystalmouth,-9.21,2025-08-07T22:37:11.156195
Margaret Chang,Clarkmouth,-6.92,2025-08-07T22:38:11.194009
Brooke Espinoza,Port Rickytown,20.6,2025-08-07T22:39:11.248685
Alison Lopez,Hernandezstad,1.85,2025-08-07T22:40:11.293936
Glenn Beasley,Allenborough,-6.7,2025-08-07T22:41:11.355922
Christina Romero,Port Jayville,6.75,2025-08-07T22:42:11.415171
Jessica Henson,Morrisbury,33.91,2025-08-07T22:43:11.474679
Madison Thomas,Carriebury,33.44,2025-08-07T22:44:11.532309
Karl Smith,North Amandastad,2.68,2025-08-07T22:45:11.589943
Kevin Matthews,Port Cynthiaborough,4.52,2025-08-07T22:46:11.616042
Joshua Ellison,Gregorytown,24.61,2025-08-07T22:47:11.671986
Jeremy Blanchard,Robinsonstad,32.56,2025-08-07T22:48:11.727454
Katelyn Hardin,Riceland,32.66,2025-08-07T22:49:11.784942
Michelle Murphy,Mariaberg,33.55,2025-08-07T22:50:11.839244
Gregory Gallagher,Delgadoborough,7.45,2025-08-07T22:51:11.895264
Micheal Smith,South Peterchester,-5.39,2025-08-07T22:52:11.963679
Pamela Pham,Joseburgh,34.17,2025-08-07T22:53:12.007579
Jennifer Andersen,Leachbury,31.93,2025-08-07T22:54:12.062285
Jennifer Jones,Johnsonhaven,-7.9,2025-08-07T22:55:12.125443
Tina Ho,Josephside,4.21,2025-08-07T22:56:12.177171
Kelsey Davidson,South Brian,6.93,2025-08-07T22:57:12.237959
Joshua Parrish,Alexanderborough,25.73,2025-08-07T22:58:12.297232
Derek Rodriguez,South Erica,-8.51,2025-08-07T22:59:12.339605
Brian Pierce,Johnport,-4.81,2025-08-07T23:00:12.384125
Vincent Collins,Davismouth,35.82,2025-08-07T23:01:13.577769
Dr. Brandy Smith,North Julia,31.97,2025-08-07T23:02:13.653597
Jeffery Gardner,Mullinstown,-2.81,2025-08-07T23:03:13.714327
Kristina Holland,West Brenda,18.73,2025-08-07T23:04:13.752216
Brandy Boyer,Port Justinburgh,24.29,2025-08-07T23:05:13.796554
Margaret Huang,South Nicoleton,36.91,2025-08-07T23:06:13.835586
Wendy Taylor,Lake Aliciaville,5.48,2025-08-07T23:07:13.887884
Blake Craig,Mosshaven,9.5,2025-08-07T23:08:13.905046
Lisa Davis,Gonzalezchester,16.34,2025-08-07T23:09:13.965921
Erin Farley,Adamsport,27.64,2025-08-07T23:10:14.023327
Amy Reid,Stacystad,6.25,2025-08-07T23:11:14.077413
Alexandria Perez,New Lanceborough,-9.42,2025-08-07T23:12:14.158150
Victor Long,Karenburgh,26.5,2025-08-07T23:13:14.216140
Allen Miller,West Justin,34.54,2025-08-07T23:14:14.250847
Carolyn Ross,New Robinton,24.61,2025-08-07T23:15:14.307845
Morgan Yang,Juliaberg,25.16,2025-08-07T23:16:14.368221
Kristen Carr DDS,Jordanstad,4.69,2025-08-07T23:17:14.427426
Brandon Vaughn,East Waynechester,31.85,2025-08-07T23:18:14.480062
Dale Roberson,South Chadmouth,11.6,2025-08-07T23:19:14.520566
Jeffrey Waters,West Kevin,17.8,2025-08-07T23:20:14.576400
Patricia Fletcher,Murrayside,22.15,2025-08-07T23:21:14.638490
Roger Roth,Christopherbury,-9.46,2025-08-07T23:22:14.682983
Eric Jenkins,Aaronfurt,18.31,2025-08-07T23:23:14.736846
Kevin Baker,Kingberg,4.88,2025-08-07T23:24:14.798718
Robert Jenkins,Ballardmouth,32.45,2025-08-07T23:25:28.252528
Justin Ford,Lindaside,12.69,2025-08-07T23:26:28.330363
Francisco Perez,Alanchester,-9.12,2025-08-07T23:27:28.388969
Cheryl Lewis,Jacksonbury,-7.51,2025-08-07T23:28:28.444734
Patrick Thompson,Batesport,21.67,2025-08-07T23:29:28.494710
Jason Anthony,Victoriastad,20.16,2025-08-07T23:30:28.555077
Christopher Wood,East Philip,-8.21,2025-08-07T23:31:28.615088
Russell Cobb,Lake Timothymouth,23.75,2025-08-07T23:32:28.671443
Christopher Smith,West Laurenside,-9.6,2025-08-07T23:33:28.728385
Donna Zavala,Burtonhaven,17.0,2025-08-07T23:34:28.787675
David Woods,Port Tiffany,33.99,2025-08-07T23:35:28.827232
Marco Wilson,East Ericberg,36.79,2025-08-07T23:36:26.576175
Sharon Berry,Lake James,-4.9,2025-08-07T23:37:26.634792
Kimberly Lee,Joyceburgh,16.53,2025-08-07T23:38:26.706936
Gregory Pruitt,Christophermouth,2.5,2025-08-07T23:39:26.767397
David Craig,North Katieberg,8.96,2025-08-07T23:40:26.825695
Ann James,Danielberg,37.92,2025-08-07T23:41:26.869381
Maureen Lambert,Zhangport,36.55,2025-08-07T23:42:26.928463
Jordan Taylor,North Jesse,7.86,2025-08-07T23:43:26.991927
Dennis Moran,Lake Briannaton,5.4,2025-08-07T23:44:27.056068
Melanie Young,Latoyamouth,14.56,2025-08-07T23:45:27.112398
Jerry Martin,New Davidton,17.21,2025-08-07T23:46:27.171982
Terry Savage,Coltonside,-8.27,2025-08-07T23:47:27.173465
Connor Arnold,South Jeffreyfort,-9.13,2025-08-07T23:48:27.228998
David Copeland,Wardberg,-2.27,2025-08-07T23:49:27.289502
Gregory Munoz,Davidmouth,-1.43,2025-08-07T23:50:27.357955
James Nelson,Thomasshire,5.67,2025-08-07T23:51:27.373293
Sarah Oconnor,Timothystad,16.9,2025-08-07T23:52:27.393560
Jenna Huffman,Lake Stephen,1.54,2025-08-07T23:53:27.455017
Anthony Robinson,Port Scotthaven,16.69,2025-08-07T23:54:27.512997
Randy Grant,Emilyfurt,7.51,2025-08-07T23:55:27.573157
Mrs. Virginia Holt,Christyborough,-7.9,2025-08-07T23:56:27.631561
Rachel Hancock,West John,27.16,2025-08-07T23:57:27.692117
David Flores,West Miranda,-7.76,2025-08-07T23:58:27.697168
Oscar Cook,Stephanietown,19.6,2025-08-07T23:59:27.723530
Kristen Johnson,South Jill,25.69,2025-08-08T00:00:27.782812
Kimberly Gamble,Meganview,19.5,2025-08-08T00:01:27.851913
Teresa Phillips,South Justinport,-7.86,2025-08-08T00:02:27.918362
Nichole Pearson,Jonathanview,1.9,2025-08-08T00:03:27.974768
James Stanley,North Barryport,12.6,2025-08-08T00:04:28.031259
Jessica Phillips MD,Maddenborough,23.97,2025-08-08T00:05:28.090415
Brandon Mendoza,Karenton,-9.58,2025-08-08T00:06:28.150677
Jared Austin,Rubiofort,33.93,2025-08-08T00:07:28.208078
Eric Jones,East Kimmouth,24.98,2025-08-08T00:08:28.260621
Gregory Williams,Maynardland,33.0,2025-08-08T00:09:28.318587
David Ferguson,New Paulhaven,12.5,2025-08-08T00:15:07.753177
Mr. Alexander Smith,Port Jimmy,-5.45,2025-08-08T00:16:07.828703
Edward Boyer,Malikmouth,19.16,2025-08-08T00:17:07.893816
Jason Goodman,Paulfurt,1.18,2025-08-08T00:18:07.952345
Denise Cox,Lewisborough,0.76,2025-08-08T00:19:08.008063
Melissa Mckay,Kyleberg,-5.12,2025-08-08T00:20:08.070294
Cynthia Cunningham,Pearsonville,10.82,2025-08-08T00:21:08.135929
Justin Rivera,Garciaport,36.27,2025-08-08T00:22:11.779379
Christopher Stafford,Saundersstad,-6.9,2025-08-08T00:23:11.826421
James Acosta,Smithfurt,19.57,2025-08-08T00:24:11.892385
Jessica Brown,Kathrynfort,34.3,2025-08-08T00:25:11.938374
Meagan Potter,Contrerasville,8.74,2025-08-08T00:26:11.995469
Patrick Smith,Michaelmouth,31.85,2025-08-08T00:27:12.047686
Lori Aguirre,Robertside,9.57,2025-08-08T00:28:12.078979
Richard Smith,Brightburgh,35.8,2025-08-08T00:29:12.116559
Terry Smith,North Jimmyborough,20.65,2025-08-08T00:30:12.183790
Dalton Mcdonald,North James,1.99,2025-08-08T00:31:12.246005
Sandra Morris,Cassidyfurt,34.47,2025-08-08T00:32:12.307978
Joseph Salazar,Paulamouth,4.48,2025-08-08T00:33:12.338885
Erin Gardner,Joelport,18.72,2025-08-08T00:34:12.382361
John Gibson,Bradleyton,23.69,2025-08-08T00:35:12.437922
Jane Gonzalez,East Justin,36.33,2025-08-08T00:36:12.477146
Linda Lopez,South Robertville,-1.11,2025-08-08T00:37:12.539057
Sarah Miles,Bennetthaven,-7.88,2025-08-08T00:38:12.603802
John Waters,Lake Kyletown,0.47,2025-08-08T00:39:12.632666
Joshua Frey,Ericton,23.74,2025-08-08T00:40:12.695040
Christina Quinn,West Lisaton,5.21,2025-08-08T00:41:12.752725
Holly Moore,East Kevin,39.87,2025-08-08T00:42:12.786167
Vernon Lindsey,South Amy,11.46,2025-08-08T00:43:12.844145
Amanda Lynch,Kaitlynview,-3.81,2025-08-08T00:44:12.947040
Amanda Hoover,Andrewshire,32.98,2025-08-08T00:45:13.005669
Timothy Rojas,Nicholasside,-5.26,2025-08-08T00:46:13.019683
Patricia Reyes,New David,6.38,2025-08-08T00:47:13.078936
Ryan Lam,Jenkinsland,19.51,2025-08-08T00:48:13.137957
Karen Kim,Marktown,7.74,2025-08-08T00:49:13.182600
Jessica Turner,Maureentown,15.41,2025-08-08T00:50:13.246784
Barbara Myers,Davidfurt,27.48,2025-08-08T00:51:13.301736
Jennifer Higgins,Phillipstown,-5.1,2025-08-08T00:52:13.368193
Steven Mitchell,New Thomas,35.77,2025-08-08T00:53:13.415482
Maxwell Silva,Danielborough,33.5,2025-08-08T00:54:13.463137
Kenneth Parker,Jacquelineland,23.4,2025-08-08T00:55:13.523453
Isaac Cook,West Karachester,27.5,2025-08-08T00:56:13.560947
Anna Henry,West Corey,33.86,2025-08-08T00:57:13.618370
Jerry Brown,East Lauraport,34.14,2025-08-08T00:58:13.623120
Bill Smith,Anthonymouth,0.15,2025-08-08T00:59:13.680391
James Jennings,Howellborough,20.78,2025-08-08T01:00:13.739143
Stephanie White,West Jenniferton,31.5,2025-08-08T01:01:13.798336
Mrs. Maria Jackson,Burnston,38.2,2025-08-08T01:02:13.858457
Sandra Rogers,East Amber,16.68,2025-08-08T01:03:13.909326
Nicole Werner,Jacquelineview,9.37,2025-08-08T01:04:13.971849
Debra Kennedy,Murphyland,0.89,2025-08-08T01:05:14.030110
Luis Avery,New Amy,32.84,2025-08-08T01:06:14.090964
Andre Charles,Lake Ernesttown,-5.53,2025-08-08T01:07:14.131881
Daniel Reilly,West Calvin,27.2,2025-08-08T01:08:14.197230
Shannon Le,Bernardfurt,-3.1,2025-08-08T01:09:14.251912
Deborah Elliott,Hardyville,4.12,2025-08-08T16:56:50.078719
Dr. Billy Johnson Jr.,Gordonfort,39.33,2025-08-08T16:57:50.194731
Carrie Herring,West Kimberlyberg,38.89,2025-08-08T16:58:50.251090
Veronica Andrews,New Lukefort,38.35,2025-08-08T16:59:50.297163
Stephanie Jackson,Port Ianside,14.68,2025-08-08T17:00:50.308969
Chris Nunez,Catherinemouth,7.57,2025-08-08T17:01:50.387148
Brian Brown,South Kristifurt,16.39,2025-08-08T17:02:50.430063
Richard Carter,Johnborough,1.5,2025-08-08T17:03:50.495680
Amanda Johnson,New Shelby,17.45,2025-08-08T17:04:50.538486
Wendy Huang,Port Heather,6.84,2025-08-08T17:05:50.597486
Amanda Chavez,East Ryanland,14.91,2025-08-08T17:06:50.616858
Charles Johnson,Wendychester,17.48,2025-08-08T17:07:50.740893
Amy Brown,East Stephanie,39.65,2025-08-08T17:08:50.790466
John Mosley,Robertmouth,0.61,2025-08-08T17:09:50.854263
Kevin Reynolds,West Jeanchester,19.46,2025-08-08T17:10:50.920804
Matthew Powers,Martinfort,7.15,2025-08-08T17:11:50.952204
Andrew Rodriguez,Kellyport,32.86,2025-08-08T17:12:51.002760
Drew Benson,West Jamie,2.5,2025-08-08T17:13:51.054822
Melody Shannon,South Curtis,29.27,2025-08-08T17:14:51.111746
Andrew Williams,Marioside,25.84,2025-08-08T17:15:51.184748
Douglas Mccarty,West Melissa,33.15,2025-08-08T17:16:51.245226
Martha Ramos,Smithton,26.58,2025-08-08T17:17:51.277445
Norman Glover,East Heather,13.91,2025-08-08T17:18:51.322627
Alicia Rogers,Port George,1.22,2025-08-08T17:19:51.376618
Tabitha Walsh,Barbaraland,5.77,2025-08-08T17:20:51.427144
Jose Hall,East Christopher,4.4,2025-08-08T17:21:51.494704
Patricia Holden,Rebeccamouth,39.36,2025-08-08T17:22:51.521909
Ruth Rogers,Nicholasside,-3.78,2025-08-08T17:23:51.573185
Wendy Duncan,Brittanyberg,37.76,2025-08-08T17:24:51.617527
Todd Leonard,South Jackie,-8.99,2025-08-08T17:25:51.675761
Sean Shields,Jordanfort,-6.1,2025-08-08T17:26:51.727919
Michael Rogers,Port Andrew,11.7,2025-08-08T17:27:51.782376
Martha Woods,New Shelby,37.35,2025-08-08T17:28:51.846571
Joseph Gates,Sandraberg,4.6,2025-08-08T17:29:51.877532
Cole Herrera,South Rachelborough,39.44,2025-08-08T17:30:51.912503
Stephen Hoffman,Lake Seth,14.46,2025-08-08T17:31:51.964059
Amanda Dennis,South Kathleen,-5.88,2025-08-08T17:32:52.023447
Michaela Rojas,New Johnview,9.92,2025-08-08T17:33:52.086662
Rodney Brown,West Billy,37.49,2025-08-08T17:34:52.141664
Janet Wise,Blackburnchester,15.83,2025-08-08T17:35:52.189667
Jennifer Powell,Lake Kevinmouth,0.6,2025-08-08T17:36:52.249289
Hunter Medina,Christophermouth,12.7,2025-08-08T17:37:52.312284
Melissa Clark,Port Kylie,39.6,2025-08-08T17:38:52.371624
Norman Mcguire,Mccartytown,34.11,2025-08-08T17:39:52.432871
Meredith Smith PhD,Stephenstad,24.38,2025-08-08T17:40:52.484427
Dave Williams,Jonesborough,3.78,2025-08-08T17:41:52.543737
Maria Sparks,North Erin,2.14,2025-08-08T17:42:52.607957
Christopher Andrews,Bradleymouth,-4.81,2025-08-08T17:43:52.649822
Maria Mckenzie,North Jennifershire,-2.98,2025-08-08T17:44:52.710283
Steven Rodriguez,New Christopher,13.42,2025-08-08T17:45:52.770006
Timothy Vazquez,East William,17.84,2025-08-08T17:46:52.825694
Rebecca Ford,Lake Codyberg,36.91,2025-08-08T17:47:52.882287
Charles Edwards,South Stevenfort,24.23,2025-08-08T17:48:52.926179
Nathan Jones,Michaelfurt,13.36,2025-08-08T17:49:52.981584
Kimberly Mcknight,East Jason,11.52,2025-08-08T17:50:53.033718
Thomas Stokes,Noahbury,20.43,2025-08-08T17:51:53.095479
Steve Burch,South Calebhaven,3.27,2025-08-08T17:52:53.167045
Rebecca Cruz,Allenfurt,12.93,2025-08-08T17:53:53.225943
Maxwell Huerta,Jacksonport,34.37,2025-08-08T17:54:53.260256
Jennifer Tran,New Emmaburgh,21.4,2025-08-08T17:55:53.314901
Ashley Lowe,South Jennifer,-3.82,2025-08-08T17:56:53.372147
Garrett Herrera,South Kristenfurt,19.11,2025-08-08T17:57:53.479399
Albert Simmons,Lake Jeffreystad,32.39,2025-08-08T17:58:53.523857
Courtney Thompson,Rebeccamouth,12.2,2025-08-08T17:59:53.585218
John Parker,West Conniechester,25.86,2025-08-08T18:00:53.642372
Jennifer Hawkins,West Jamesstad,4.3,2025-08-08T18:01:53.703688
Eric Davis,West William,25.46,2025-08-08T18:02:53.749029
Heather Thomas,East Frankchester,16.2,2025-08-08T18:03:53.808117
Ryan Garcia,North Jacobland,2.4,2025-08-08T18:04:53.847732
David Scott,Jessicahaven,13.16,2025-08-08T18:05:53.908046
Zachary Cole,Richardburgh,16.43,2025-08-08T18:06:53.988620
Stephen Montgomery,North Anthony,28.17,2025-08-08T18:07:54.050487
Michael Aguilar,North Cynthiaville,-6.19,2025-08-08T18:08:54.112793
